<?xml version="1.0" encoding="UTF-8"?>
<uptime xmlns:xsi="http://www.w3.org/2001/XMLSchema-instance" xsi:schemaLocation="http://www.uptimesoftware.com/erdc/erdc erdc" xmlns="http://www.uptimesoftware.com/erdc/erdc" xmlns:upt="http://www.uptimesoftware.com/erdc/erdc" version="4.0" target_grouping="other">
	<class>NFS Mount Performance Monitor</class>
	<exec>com.uptimesoftware.uptime.erdc.MonitorCustomScriptRunner</exec>
	<erdc_version>2.0</erdc_version>
	<category>Operating System Monitors</category>
	<category_related>Storage Monitors</category_related>
	<grid_info>
		<supported_versions>7.3,7.4,7.5,7.6</supported_versions>
		<supported_platforms>windows, linux</supported_platforms>
		<upgrade_in_place>true</upgrade_in_place>
		<requires_agent_scripts>true</requires_agent_scripts>
	</grid_info>
	<elements>
		<element name="process_windows" parameter_type="input" data_type="string" gui_basic="1" range_type="0" hidden="true">
			<control_options> size:40 </control_options>
			<default_value>plugins/scripts/monitor-nfs-performance/monitor-nfs-performance.bat</default_value>
			<short_description>Script Name</short_description>
			<long_description>Name of the script/binary/process to be executed by up.time </long_description>
			<validation_rule><alphanumeric/></validation_rule>
			<error_message><alphanumeric>required field</alphanumeric></error_message>
			<gui_type><string/></gui_type>
		</element>
		<element name="process_linux" parameter_type="input" data_type="string" gui_basic="1" range_type="0" hidden="true">
			<control_options> size:40 </control_options>
			<default_value>plugins/scripts/monitor-nfs-performance/monitor-nfs-performance.sh</default_value>
			<short_description>Script Name</short_description>
			<long_description>Name of the script/binary/process to be executed by up.time </long_description>
			<validation_rule><alphanumeric/></validation_rule>
			<error_message><alphanumeric>required field</alphanumeric></error_message>
			<gui_type><string/></gui_type>
		</element>
		<element name='UPTIME_PORT' parameter_type='input' data_type='string' gui_basic='1' range_type='0' units=''>
			<control_options>size:8</control_options>
			<default_value>9998</default_value>
			<validation_rule/><error_message/>
			<short_description>Agent Port</short_description>
			<long_description>Port number of uptime agent</long_description>
			<gui_type><string/></gui_type>
		</element>
		<element name='UPTIME_HOSTNAME' parameter_type='input' data_type='string' gui_basic='1' range_type='0' units=''>
			<control_options>size:8</control_options>
			<default_value></default_value>
			<validation_rule/><error_message/>
			<short_description>Hostname</short_description>
			<long_description>Hostname of Solaris server</long_description>
			<gui_type><string/></gui_type>
		</element>
		<element name='UPTIME_NFS_PASSWORD' parameter_type='input' data_type='string' gui_basic='1' range_type='0' units=''>
			<control_options>size:8</control_options>
			<default_value></default_value>
			<validation_rule/><error_message/>
			<short_description>Agent Password</short_description>
			<long_description>Password of uptime agent set for this script</long_description>
			<gui_type><password/></gui_type>
		</element>
		<element name='UPTIME_NFS_SCRIPT' parameter_type='input' data_type='string' gui_basic='1' range_type='0' units=''>
			<control_options>size:8</control_options>
			<default_value>/opt/uptime-agent/scripts/NFS_Performance_Monitor.sh</default_value>
			<validation_rule/><error_message/>
			<short_description>Agent Script</short_description>
			<long_description>Name and location of nfsstat script on Agent</long_description>
			<gui_type><string/></gui_type>
		</element>
		<element name='calls' parameter_type='output' data_type='ranged' gui_basic='' range_type='0' units=''>
			<control_options>size:8</control_options>
			<default_value></default_value>
			<short_description>Calls Made</short_description>
			<long_description>Total number of calls made</long_description>
			<validation_rule/>
			<error_message/>
			<gui_type><decimal/></gui_type>
		</element>
		<element name='badcalls' parameter_type='output' data_type='ranged' gui_basic='' range_type='0' units=''>
			<control_options>size:8</control_options>
			<default_value></default_value>
			<short_description>Calls Rejected</short_description>
			<long_description>Total number of calls rejected by RPC</long_description>
			<validation_rule/>
			<error_message/>
			<gui_type><decimal/></gui_type>
		</element>
		<element name='retrans' parameter_type='output' data_type='ranged' gui_basic='' range_type='0' units=''>
			<control_options>size:8</control_options>
			<default_value></default_value>
			<short_description>Retransmissions</short_description>
			<long_description>Total number of retransmissions</long_description>
			<validation_rule/>
			<error_message/>
			<gui_type><decimal/></gui_type>
		</element>
		<element name='badxids' parameter_type='output' data_type='ranged' gui_basic='' range_type='0' units=''>
			<control_options>size:8</control_options>
			<default_value></default_value>
			<short_description>Duplicate Acks</short_description>
			<long_description>Number of times a duplicate acknowledgement was received for a single request</long_description>
			<validation_rule/>
			<error_message/>
			<gui_type><decimal/></gui_type>
		</element>
		<element name='timeouts' parameter_type='output' data_type='ranged' gui_basic='' range_type='0' units=''>
			<control_options>size:8</control_options>
			<default_value></default_value>
			<short_description>Timeouts</short_description>
			<long_description>Number of calls that timed out</long_description>
			<validation_rule/>
			<error_message/>
			<gui_type><decimal/></gui_type>
		</element>
		<element name='newcreds' parameter_type='output' data_type='ranged' gui_basic='' range_type='0' units=''>
			<control_options>size:8</control_options>
			<default_value></default_value>
			<short_description>Authentication Refresh</short_description>
			<long_description>Number of times the authentication was refreshed</long_description>
			<validation_rule/>
			<error_message/>
			<gui_type><decimal/></gui_type>
		</element>
		<element name='null' parameter_type='output' data_type='ranged' gui_basic='' range_type='0' units=''>
			<control_options>size:8</control_options>
			<default_value></default_value>
			<short_description>Nulls</short_description>
			<long_description>Automounter retrying frequently</long_description>
			<validation_rule/>
			<error_message/>
			<gui_type><decimal/></gui_type>
		</element>
		<element name='nullPCT' parameter_type='output' data_type='ranged' gui_basic='' range_type='0' units=''>
			<control_options>size:8</control_options>
			<default_value></default_value>
			<short_description>Null Percentage</short_description>
			<long_description>Percentage of Nulls</long_description>
			<validation_rule/>
			<error_message/>
			<gui_type><decimal/></gui_type>
		</element>
		<element name="timer" parameter_type="output" data_type="integer" gui_basic="0" range_type="0" units="ms">
			<control_options>size:8</control_options>
			<default_value/>
			<short_description>Response time</short_description>
			<long_description>Response time in ms</long_description>
			<validation_rule/>
			<error_message/>
			<gui_type><integer/></gui_type>
		</element>
	</elements>
	<help>This plugin connects to a Solaris client and reports on calls, badcalls, retrans, badxids, timeouts, newcreds and nulls.</help>
</uptime>
